x,y,class
6.501824261296106,5.908797784912391,0.0
3.3311272491400263,-1.1065339950654633,0.0
1.530580293525817,8.061899677597223,0.0
0.8945059506943664,-4.437382936086292,0.0
-11.534594224844254,-3.820977941589241,0.0
-10.194425714545611,8.499463273732841,0.0
3.3095878142369206,-1.7880962861703618,0.0
-9.647686497312126,9.077885121199037,0.0
9.120995611256644,-3.9257110759655,0.0
-2.9062289949507796,6.951936776196907,0.0
3.0589276655087247,-2.2151379715306785,0.0
9.615964932413274,-1.8922367433116092,0.0
-10.961119614943307,-5.0174695715775375,0.0
-4.98001163089443,-10.134045273517705,0.0
3.158245008376471,0.2875380340631136,0.0
3.288480973183587,-1.787513390136609,0.0
6.248645406326536,6.192728611571768,0.0
-3.206045071959702,6.785893924106299,0.0
-6.305067782878062,1.9247224618868377,0.0
-4.101894901559515,5.932770108941789,0.0
-11.355072964071775,-4.183839072399893,0.0
-11.00675648856182,7.105680511166901,0.0
6.421481477776526,6.032450184047705,0.0
-11.85196005549166,5.062713703645911,0.0
-0.9763790484601431,7.816754479305406,0.0
9.447197485825818,0.46182886300451087,0.0
-6.237388046027913,1.3941803288739627,0.0
1.2681587291904095,-10.76545028280466,0.0
-8.148005744940999,10.618370604579123,0.0
4.332544495139198,-9.559091097297639,0.0
2.354279081781908,7.953174647601646,0.0
0.6096763248285716,-10.85057294247073,0.0
-0.14144162392076415,-4.667544754276502,0.0
-12.202127897126047,3.5531499741479307,0.0
9.439691332085655,-2.139475630268219,0.0
8.837963462130629,2.861096699465692,0.0
5.8114271559374515,-8.660227805297229,0.0
2.641186078501033,-10.399288742183073,0.0
3.272483690418992,-1.6757269605464247,0.0
-2.8019020790967066,-10.739756054350014,0.0
-6.016839777998934,2.711854813715491,0.0
-5.53777801659392,-10.014874583048021,0.0
-11.959762822176176,-2.5007586597136773,0.0
-11.232716300990964,-4.264195737747439,0.0
7.856662269985451,-6.3606422454082026,0.0
9.23525966792695,-3.65067031837085,0.0
-2.1232863049472446,-4.572106816502719,0.0
-9.898213793281654,-6.4314719627642,0.0
-4.699470042555809,5.178248206431098,0.0
9.477096742922962,-1.508932481008529,0.0
-4.070254360731889,6.083076930248858,0.0
-1.231107094090707,-4.670337615787665,0.0
2.1002165494596037,-10.570906628197301,0.0
3.321308439634114,0.01383700830395966,0.0
-8.130044297078294,-8.308043065504826,0.0
-1.3023686528807341,7.600814273339207,0.0
-0.10428520327622146,0.068600786690688,0.0
9.361630178563942,-2.91405872232126,0.0
3.035600748360261,0.735809376339663,0.0
-4.605952174256687,5.529875185085166,0.0
-4.870974596605481,-10.116741807984683,0.0
3.4104707614108554,-0.7051861356792813,0.0
-12.289243496169213,-1.0594213539296262,0.0
-0.5123208494075419,0.6559203445909264,0.0
-5.855603693075421,3.1994426186851137,0.0
-7.729601231386913,-8.631445932386791,0.0
-1.466120494275866,7.579885178007252,0.0
1.7341680158851631,-4.038971045925572,0.0
2.693268426941786,7.8755173581947835,0.0
-4.950589444791781,5.2263178075350725,0.0
-12.417576247481357,-0.7049876768088379,0.0
-1.720003327108787,7.44884743819313,0.0
-10.701528242280574,-5.390607454337829,0.0
-12.269633100675259,3.722232210929923,0.0
8.054055033868316,4.0100667372590975,0.0
-11.767062104210332,5.4669539417857855,0.0
4.216555593755945,7.354938586106895,0.0
-9.187082999131489,9.64561885515254,0.0
2.578479390397523,-3.2518360549726455,0.0
-3.1915105806664066,-10.644145109422068,0.0
9.660881741227218,-1.192860414214433,0.0
5.106501963756124,7.013925472167888,0.0
1.9600304716436276,-10.528128567126586,0.0
-4.551816119414852,-10.37154914696023,0.0
-0.37296922494014373,0.7956451986105473,0.0
-4.070507300949451,-3.6004855695254605,0.0
-5.471239927030184,-10.06954951372544,0.0
-1.179567887318297,-10.939217556073526,0.0
-9.03747466990259,9.9131414952026,0.0
-9.01004686433157,-7.553757837331811,0.0
-9.980641888504282,8.689638217022384,0.0
-4.586979860044948,-10.400479973344543,0.0
-2.968338196796028,6.828529908324652,0.0
1.4622801166584742,-4.048394964665999,0.0
-10.274118564375874,-5.982714566180824,0.0
0.8661273640127354,-10.806484217663668,0.0
3.0071111068548984,0.6082482525771867,0.0
2.6024083117167867,7.798360134677874,0.0
-9.565231147659144,9.173332714084838,0.0
9.561108982384326,-1.8774798649264879,0.0
8.143844857551073,4.170961588538805,0.0
9.089420394172905,2.162357330227864,0.0
-6.084173875959635,-0.22716458768438752,0.0
3.362510934862299,7.653036586809722,0.0
3.5526090498670757,7.708637386480018,0.0
3.199365223376823,0.11712114740761359,0.0
-9.48236716140358,-7.110862467812626,0.0
7.182333743194323,5.280462763005464,0.0
-11.852747614889088,-2.6544683395566735,0.0
-12.539843176969283,-0.057460337817666615,0.0
-6.102404900512552,0.02828320594183574,0.0
-0.40435038947559665,-10.84568966536764,0.0
9.422039789602207,0.7484700747457076,0.0
-12.498877103663238,2.7054946327862455,0.0
-6.257940835183735,0.26310127699877783,0.0
-2.2621467484594397,-10.949129242546467,0.0
3.9738563481721783,-9.735166505855117,0.0
-3.1604532501777265,6.729100327117109,0.0
-1.3931485248104682,-4.609637742175831,0.0
0.08843619970196367,-10.957102607567501,0.0
-7.4214159040232115,-8.912046791988274,0.0
-1.4808349013110664,7.576644727690329,0.0
0.8266961846631007,-10.862242618567889,0.0
5.587307165517441,6.536040291199422,0.0
-5.493094533099952,-9.937368816260053,0.0
-5.914448703306115,-1.2263056746171135,0.0
-12.336628041276294,3.649046061392347,0.0
-3.8128031278646564,6.256485875277462,0.0
3.3632044685304803,7.6324796346098225,0.0
3.425603304201125,-0.3805724250047301,0.0
0.9155743541273793,-4.322995575351263,0.0
9.311985981017722,-3.3015840374374816,0.0
-5.0870829480620445,4.996713098715186,0.0
-12.291669755067081,-1.5008727891083493,0.0
0.19283188939866724,1.7995428657934103,0.0
4.272703005920336,7.287961079248524,0.0
0.5216913403423349,8.031344107460608,0.0
0.7057213189175282,1.9086062591569313,0.0
-0.3532339921020775,-4.596305097177729,0.0
6.937894435704335,5.509086424489729,0.0
9.639207448656514,-1.2497338159276468,0.0
6.379598260822631,6.021859518907689,0.0
8.79137164674968,-4.5451112277669345,0.0
5.156982397399385,-9.144506287995352,0.0
-0.09828663375380861,1.4800922423921954,0.0
9.23455752034381,1.4382903264048865,0.0
-9.273183671389265,9.6216583300491,0.0
9.198399604592286,-3.658878290172691,0.0
-2.149431409540536,-10.766887577020405,0.0
-1.7167775824938496,7.496838501769115,0.0
-9.934198841771687,-6.472708262646327,0.0
-9.813837445695986,-6.683791414182315,0.0
9.147218300208635,-3.744523901070352,0.0
-8.438125310286388,10.526735358595127,0.0
-0.4970726171699659,-4.730339822536143,0.0
0.5263947880637109,1.906036074474387,0.0
-9.593041771839815,-6.745298113463516,0.0
-11.380416323365806,-3.852081356083503,0.0
0.13607247406284098,-4.572000277955484,0.0
-5.0664059964651305,4.7472733119408606,0.0
0.5039405439337123,1.8112671485866803,0.0
-3.290022908471452,6.728421052292277,0.0
-9.873202738098447,-6.718903259573595,0.0
9.25922917433708,-3.425645299412937,0.0
1.457785302015537,8.046335756433662,0.0
3.721202426110364,7.611892645064931,0.0
-0.39342331167072114,0.43852998189938747,0.0
-2.8792237728416565,6.927937664567764,0.0
0.579058920725338,-10.864049713575678,0.0
-8.659911632178101,10.289333705063788,0.0
-12.377047885911608,-0.3749164451501805,0.0
1.1861333521711042,1.8665851257849386,0.0
-12.07037586860625,4.351059486322605,0.0
-10.431608256304589,-5.804414099876394,0.0
-10.296339359385156,-5.998976771863879,0.0
9.011096325051057,1.9734014224717007,0.0
5.7892891816349765,6.448580171953004,0.0
-2.4709263066971587,7.194393899932994,0.0
3.328796352415564,-1.1765748868747135,0.0
-6.275338965661078,1.4413275162903236,0.0
-5.984066980179689,3.137587103212877,0.0
9.505762979310358,-0.3254937098563462,0.0
-8.123266891671632,-8.386432965376718,0.0
9.478615836296498,0.699721515533319,0.0
3.2945146459698673,-0.3435078819833549,0.0
-9.675022545664666,9.247807930146537,0.0
-10.431693601306858,8.065339345251612,0.0
-10.520608815667547,-5.723676214807739,0.0
-7.415453905242682,11.449622815205954,0.0
8.364466663953184,-5.69089768870837,0.0
-9.26555073657018,9.652318545749825,0.0
3.197322617297991,-2.0030902590601314,0.0
3.124101342197982,7.830968684376526,0.0
-6.273015603385555,1.3190526037310542,0.0
-5.715657582151107,-1.3901806133818704,0.0
-1.8308113189006323,-4.702011607615488,0.0
2.85369751170325,-10.390429891143048,0.0
-10.329777028085788,-6.071992353996628,0.0
6.307487608105384,-8.152401157027837,0.0
-2.4492415616426273,-4.481456422217053,0.0
-11.51828943415651,-3.6090788257369497,0.0
1.6325476475375933,-10.574462560825665,0.0
5.087457070328554,7.0441347383157105,0.0
-1.9989713022595403,-10.811224893473282,0.0
-5.3738537088969,4.302253468192665,0.0
1.174448016857542,8.053348013892533,0.0
-11.537999959010849,5.9999708568734285,0.0
-3.5948343959409885,6.418555412596637,0.0
9.43190519620678,0.8934325587448693,0.0
-12.310841499955307,3.5890754428538996,0.0
-4.975168059714413,-10.191322951801576,0.0
3.4657467357799625,-0.6860187813626106,0.0
-2.521247038425299,-4.529608468054081,0.0
-0.3290604308733188,1.272969723670309,0.0
2.0435593860226584,-10.52798430267119,0.0
8.660797593974205,2.8896085335663577,0.0
-1.2013546524326828,-4.700989265392309,0.0
-9.664302354776867,9.217900730390808,0.0
8.86972790465331,-4.481106263390658,0.0
-6.022229000145848,2.769951624404227,0.0
9.551565610908611,-1.9493546728604705,0.0
-2.391627567727103,-10.910844871495364,0.0
3.1158071264268243,-2.0664814953864252,0.0
-4.696448659414615,5.550330728765846,0.0
-11.396136747844436,-3.9764089411192223,0.0
9.162064348548663,1.9347633541270914,0.0
8.240923176558447,-5.877602096344808,0.0
8.155085374501258,4.231116570328863,0.0
2.9025422586629173,0.9777435828886223,0.0
-3.992966514404206,-3.6270398230316174,0.0
8.639884971275828,3.143520348104481,0.0
-6.058065997585954,-0.17363843895656794,0.0
3.1190606818823943,0.3781228116890346,0.0
-12.443206993502386,-0.7125610622480177,0.0
-8.013772416341887,10.719123050192666,0.0
-10.780723014507366,-5.024252964960249,0.0
-12.484737155601538,0.3190910527080202,0.0
-6.117170022717292,2.711655047357287,0.0
-9.440824712847204,9.465907219658428,0.0
-5.70447562865621,-1.3548629024605512,0.0
-9.868355737768315,8.704247470666772,0.0
-7.15932790708397,11.708228070430152,0.0
-5.384916624204589,-10.094184675074688,0.0
-8.012686723341208,10.72739607828277,0.0
6.865478125938075,-7.593416572596127,0.0
-5.403274827634819,4.3576009499090365,0.0
8.390733080317794,3.7206964967524785,0.0
5.108592984110354,-9.035716169846093,0.0
3.288796197125539,-1.7814058837010487,0.0
2.734245217870322,-10.368915589472675,0.0
-8.110694114186373,10.750558969089973,0.0
-5.420165188667999,-1.9077283403993919,0.0
-10.844937767495496,-5.174318663602009,0.0
-11.721977527471855,5.300400191045872,0.0
-10.348354817257352,8.25574473588689,0.0
-9.483572060347274,9.512325580904692,0.0
9.076009249347186,-3.829422388006897,0.0
-8.381289783488374,10.66761034005918,0.0
-8.83716433919896,-7.719766540374856,0.0
-3.7628521009591855,-3.8927904699290736,0.0
9.472564927852236,0.2312258511096981,0.0
-5.864289176982454,-9.87075706842711,0.0
-5.837868845487645,3.308589370604276,0.0
1.2135747654387508,-10.750623598719113,0.0
-1.1811727174004478,-10.990565652451998,0.0
-3.8554227161549544,-3.785637113152528,0.0
7.108225088770083,-7.353276223629683,0.0
-9.683767160958551,-6.714490448538725,0.0
9.537853468075207,-1.7520065753154666,0.0
-0.10833702003467344,1.658394854513721,0.0
-0.1924728300658828,1.409217940187993,0.0
2.405577439874178,7.912176895004819,0.0
-11.15991938618499,6.7519962365093145,0.0
-6.329956030693197,1.5366462906417977,0.0
1.8034518898530687,-10.555346626108483,0.0
-6.242663667691553,0.9112731504685985,0.0
-0.8668422772553054,7.694775075883571,0.0
-12.380731332219499,-0.3559029766646842,0.0
-6.656466844325213,-9.319786778052,0.0
2.147461236284004,-3.5782046134732566,0.0
7.801863402380019,4.5292682883928785,0.0
1.7263758012783716,1.7386758380154013,0.0
9.563426406780536,-0.07220165301608784,0.0
-0.7868748028416301,-10.878860372722915,0.0
0.15592823820593688,-4.520051543224039,0.0
-3.7038452076809327,6.364208794911037,0.0
5.921393664546605,6.47501591463122,0.0
-11.38069091535917,6.181053710524228,0.0
-7.135149202858059,11.612083509587531,0.0
2.942333830706115,0.7558353051094108,0.0
-9.036257173780102,-7.377005245498977,0.0
3.7118926968480466,7.624583603109581,0.0
5.503484428280418,6.767495599166603,0.0
-8.589718778802755,-7.993591225729675,0.0
-11.444899980194332,6.121268632495125,0.0
-10.04506399358502,8.724573080186865,0.0
6.382742905045731,-8.178679760251406,0.0
2.4027594397275047,7.94663491649578,0.0
-10.63291448175114,-5.439747200056885,0.0
-5.819202224552621,3.6027616949492067,0.0
7.188602880503785,-7.189296592720997,0.0
2.441928035885744,7.806354495952048,0.0
-0.3527175554004748,-10.940819557452002,0.0
-6.084508131880005,2.5709147039059195,0.0
-5.466575959068587,-1.7764531689104461,0.0
-11.476794084437028,6.19782920220278,0.0
1.6032478684014981,-3.919297930357528,0.0
9.376712970219367,-2.461433081733441,0.0
-6.216564315407093,0.8019195731801368,0.0
2.4886912654266635,1.2918610763447087,0.0
2.356235537963963,1.4485044512326808,0.0
-4.620280814617263,-2.9781836888155158,0.0
-12.44130331885877,1.5282138950588844,0.0
-4.141071306918708,6.017252250178806,0.0
-9.96366288969867,8.682522270781073,0.0
6.028530543579856,-8.439068714187759,0.0
8.366695057959102,3.76594119034233,0.0
6.210670774250392,-8.325431358568403,0.0
9.220203591138892,-3.372763806448417,0.0
-8.955357915473906,-7.575649518304433,0.0
-4.156095965241401,6.027629355129108,0.0
2.0218582550070194,7.880732153800117,0.0
-12.230214663581014,3.9587137335235183,0.0
-10.198107005240887,8.34069897913058,0.0
-12.252613021576892,3.7717931302430188,0.0
7.36926964841078,5.201689672025986,0.0
-10.149485834595179,-6.17849247819457,0.0
9.547316915726725,0.3571254053656286,0.0
9.603395827373037,-1.664304251190526,0.0
-6.074014198673819,-0.5870619935290406,0.0
5.2979908987037545,-8.925848881517357,0.0
-5.247218319385937,-2.293930706151576,0.0
-0.044409840280003055,7.938513932404937,0.0
-12.498711913851519,0.4207259412314599,0.0
-6.164595194274938,-0.3543806393329318,0.0
3.256274673681563,-1.6646506043780518,0.0
3.250482277091005,-1.328496023095941,0.0
-10.431222812744952,8.05103003161654,0.0
9.395677224957952,-2.3820246581683655,0.0
6.694021939389884,5.83199334932517,0.0
-11.675974938395075,-3.5846974709669106,0.0
-12.222580405940635,-1.4138427160705649,0.0
0.0044772192972507355,7.99656749957051,0.0
-3.626177156951692,-10.573810926724494,0.0
-9.608523835868501,-6.7305827060304635,0.0
-0.14674330284061826,-10.927076156658682,0.0
-2.760333594830409,-4.263724278549419,0.0
-12.348295750635225,2.3753928089965486,0.0
8.576416080215074,-5.370662824701307,0.0
-4.0269162677501535,6.061066597943195,0.0
7.629830459484363,4.7287064892600865,0.0
2.4274640570363912,1.4405880584895847,0.0
-0.7410265398229803,-4.72292048580319,0.0
-9.426441286180827,-7.18106072056451,0.0
0.15339302649691805,0.18516763202583347,0.0
7.1217084636907835,5.285624983611392,0.0
9.1518204865185,-3.8057144119911244,0.0
3.340767313118822,-0.03185417004786699,0.0
-8.562550641769445,10.303523275813335,0.0
-6.15706680663146,1.286996719868065,0.0
-2.4947469158237157,7.1792976003241025,0.0
-2.5562256328862167,7.118681109463796,0.0
-6.246825379432111,1.6344753368215463,0.0
-0.42684778625921976,0.31527630923703626,0.0
-6.8510731848682065,-9.388624862134185,0.0
-9.063841384965167,9.979309459759925,0.0
-6.203920042974422,1.2467370685339307,0.0
-0.8791399337428888,-10.961676376089189,0.0
-7.759275235552279,-8.590116778501665,0.0
-12.404049964183777,-0.2682565489703376,0.0
7.475296659760459,4.944322119420769,0.0
-2.6449719051065896,7.17042648463636,0.0
-0.5413571944271032,7.922704146628785,0.0
-5.350340663572823,-10.02406394554712,0.0
-11.72788295830323,-3.0418642855386473,0.0
-5.1338917953301255,-2.6341012785105864,0.0
3.6791540407667895,7.708989576884743,0.0
-11.964732219701322,4.589991313992187,0.0
-11.417841269918085,-3.947585790681537,0.0
-7.802330861346074,11.071814667341245,0.0
-8.53144899025997,-7.863565580580533,0.0
5.501240559093365,6.648629664271764,0.0
5.433647302890232,-8.822682961950113,0.0
-0.6051025214405441,-11.002788497088865,0.0
3.136475216008641,-2.248034498748813,0.0
8.26027445120533,-5.797778962543629,0.0
-5.050421327287418,-10.161181409740486,0.0
-4.128568281589687,-3.5397640466185876,0.0
-10.281127918644916,-6.083323489610411,0.0
5.941927582616879,-8.58700310231571,0.0
-9.819117873868196,8.773719857571482,0.0
2.831447323272862,1.0124939088952354,0.0
-5.161048228914497,4.823261418769604,0.0
4.573290643602259,-9.387260581700776,0.0
-3.118079851479712,6.723020430189465,0.0
-5.429274368217844,-9.957553433541223,0.0
-8.828182767496049,-7.67579137709772,0.0
1.63918107576238,-4.085847867438912,0.0
9.38054928551441,-3.0660943998381764,0.0
9.45814426385474,-2.6255544564529103,0.0
3.482689098677392,7.590489854295873,0.0
-10.968492851253094,7.28252416844374,0.0
-12.087372123703398,-2.242371319232326,0.0
-3.9928444791158517,-10.424258663449535,0.0
-5.484626131914504,-9.844968375235359,0.0
9.184683125571432,1.6321880000888749,0.0
-11.287292654127185,6.291061247373542,0.0
-3.860190591233923,-10.483158041303476,0.0
-6.726529504705867,-9.22209892066455,0.0
-12.467327829474039,0.9771062621809711,0.0
-4.597513554282108,5.335053744949094,0.0
-11.41507895741264,-4.028366536536443,0.0
-5.745684525968191,-1.4774356716106998,0.0
1.196229444808328,7.993423529531109,0.0
0.3843755334712954,7.888133953204957,0.0
-8.24866880912915,10.667342308921533,0.0
-12.556575925547206,0.41658707429650677,0.0
-4.3386992644507645,-10.324859387794671,0.0
-6.58152885669261,-9.437227812168647,0.0
7.378427254610295,-7.180850058076805,0.0
-10.116196354060774,8.470497983489077,0.0
9.493250347515547,-1.4993272455738345,0.0
4.348000175635136,7.3815002239682554,0.0
-3.727334454746095,-3.781702936094432,0.0
-10.497448525426295,-5.683897440065334,0.0
-7.116074357745755,-8.993995625212746,0.0
4.834739942476986,7.086390589870799,0.0
1.3627643343033566,1.9763391800085208,0.0
-12.219058776728412,-1.1299570973125421,0.0
-0.06134929444542726,1.5548549143992987,0.0
-4.604907279510699,-10.396692625877286,0.0
-8.837864753790495,10.099312682152759,0.0
8.259363504057594,3.8272330498524756,0.0
-6.158062755153034,2.2110394119985797,0.0
-4.749845715666557,-10.32542060730347,0.0
-11.706977073572716,-3.1227774304831883,0.0
8.19736892996507,-5.834147164533501,0.0
-9.00539379243367,9.982672531829039,0.0
3.1620162095736055,0.16484757892917837,0.0
9.38791064415266,-2.2797219823914525,0.0
-5.961037713772644,-9.808784833610039,0.0
-12.521254811216895,1.1555835223298787,0.0
-4.986755281102014,-2.844170577722527,0.0
-11.140673973227056,-4.587074444373871,0.0
7.942265671671216,-6.339569615453216,0.0
5.8217743394745884,6.461987694225007,0.0
-0.9864988606263662,-4.713980144746316,0.0
-12.561562690554023,1.3166726325620415,0.0
-3.249097470991143,-4.109160306965668,0.0
-1.8938970560827468,7.367482740083579,0.0
-3.6181160221064954,6.4602780723745585,0.0
-12.43310770603182,1.8287090571980313,0.0
-1.8324568613698675,-10.890160682793246,0.0
-10.957606254662904,-4.741509350068536,0.0
-5.679105752024308,3.5961047170030254,0.0
2.503216755324188,-10.436854675622916,0.0
6.8252553033102625,-7.8311187090600125,0.0
-12.172890876561665,-1.7131007653682842,0.0
-11.779974960225148,5.025208635513892,0.0
-0.011675347562748892,1.5790380600335279,0.0
-1.8423474274363072,-10.858066116230491,0.0
3.1091949202520293,0.14186775998029838,0.0
8.029453737367971,-6.183362505644669,0.0
-3.8204388034044268,6.2919486586888915,0.0
-2.132246949501826,7.311480960188995,0.0
2.037798415348406,7.906351371143777,0.0
2.981683951830505,-10.227419957146548,0.0
0.299789992208341,7.919407238611615,0.0
-7.103126383429163,-9.047427076221503,0.0
6.315979272613095,6.183085121138007,0.0
3.2675406101637723,-1.3840337501261717,0.0
-10.451164267705305,-5.88222099090056,0.0
-3.9219341501728056,6.182742561565167,0.0
8.082118952025608,4.096743002171409,0.0
-3.010204524197298,-10.711960691703732,0.0
-0.015384567528527113,8.014581089114102,0.0
3.256708285811556,-0.17826079046256216,0.0
3.8039223977125354,7.584566815301902,0.0
-10.227184859785375,8.229246071245617,0.0
1.1317411428332624,-10.830227156695628,0.0
-1.5826728958916911,-10.865572079671288,0.0
1.9255974898426897,-10.595773422591716,0.0
-5.88325412806172,-1.1338932307348,0.0
7.3274895371816315,5.16800174027985,0.0
-8.409824022332732,-8.190105747023495,0.0
1.6593534466522442,-3.830011403446868,0.0
-4.4546994469023495,5.619928526413681,0.0
-4.572463565318384,5.680815894154814,0.0
8.001126004748397,4.30226591260962,0.0
-8.170789406769712,10.824730298148996,0.0
3.39889376963001,-1.2304222211731242,0.0
9.118306800205296,-3.5196798246793017,0.0
-4.968098683597638,-2.6797457124930495,0.0
-8.72929914045162,10.09995027701648,0.0
0.6233397282450784,-4.450214330127477,0.0
6.240445084994183,6.182468465694043,0.0
-7.347291526532088,-8.873090121672927,0.0
-4.746553822331697,-10.29475596341578,0.0
7.451318722781196,4.868988447609692,0.0
1.3722498951109958,8.024518885107835,0.0
-6.252186879982508,-5.714538576448547,1.0
-3.237966320907036,1.3789468240335614,1.0
-1.3026270980337689,-7.714588111688465,1.0
-0.6600804804329424,4.468840203506699,1.0
11.75295561859378,3.967874499602741,1.0
10.363156186051063,-8.22112726284367,1.0
-3.0223332612571965,1.9086157558104049,1.0
9.844634043119997,-8.840167296306548,1.0
-8.836592086188862,4.113044600282284,1.0
2.929652660180846,-6.7185565915889764,1.0
-2.865828267465339,2.4179405170493924,1.0
-9.227287738796432,2.1835434382366676,1.0
11.07939126544013,5.22279375737229,1.0
5.040488739368084,10.355965757595806,1.0
-2.8853634181747867,-0.10019180820477125,1.0
-3.113145949341483,1.8810790280284273,1.0
-5.945831965668357,-6.054826156170582,1.0
3.2800939959627056,-6.4614155653537315,1.0
6.333280958996829,-1.7586266439809246,1.0
4.4907282864705325,-5.755197429578602,1.0
11.540019352863995,4.366873988158294,1.0
11.31133919105812,-6.76141756490588,1.0
-6.21528962833048,-5.869663432864994,1.0
12.109258288811677,-4.820130521962299,1.0
1.1578088927645922,-7.60091958680256,1.0
-9.272348211048415,-0.11233055260925628,1.0
6.493428194475999,-1.0642753576727904,1.0
-0.9798677678422514,10.902263340311194,1.0
8.423164964586212,-10.497200774533336,1.0
-4.256178795382336,9.698907660264997,1.0
-2.1695970930797235,-7.609534152569856,1.0
-0.3754745870713184,11.078207272033072,1.0
0.42721953081860553,4.9510897030823395,1.0
12.425393226621866,-3.324826781205744,1.0
-9.274098771267695,2.3681345686810342,1.0
-8.571030634482943,-2.5359660357264144,1.0
-5.627456459272649,8.879919895860882,1.0
-2.4931750412393767,10.658063158372101,1.0
-3.1646586036468176,1.8452360100076277,1.0
2.9261804508891736,10.918388910802939,1.0
6.303314270604934,-2.5523126362938804,1.0
5.597397688676927,10.200020386317867,1.0
12.196643923213083,2.8060597395380587,1.0
11.492496233197738,4.34065764185039,1.0
-7.681149532473059,6.575078897328284,1.0
-8.881527436624953,3.828971159017063,1.0
2.227388727044264,4.755525014546106,1.0
10.125773279674556,6.689464727648497,1.0
4.897607916395734,-4.983239912733407,1.0
-9.440398378747407,1.6659098727441473,1.0
4.123636667404284,-5.927577207070087,1.0
1.3233941007814447,4.856503381911829,1.0
-1.95541638763968,10.638877659644304,1.0
-3.086351898338543,0.2570159190631033,1.0
8.42258307039361,8.526947675468888,1.0
1.4241022846017517,-7.471039223579284,1.0
0.21521393759463286,0.12539695824878203,1.0
-9.141984619792074,3.1300253361679053,1.0
-2.697850640064181,-0.4014423439214833,1.0
4.6178463612932035,-5.436170993845143,1.0
5.1669422586734735,10.493424940660244,1.0
-3.172436184171138,0.9745067288342121,1.0
12.529565058899525,1.241521580151813,1.0
0.6607809724452693,-0.6148338546022251,1.0
6.012293054931884,-3.027298239188221,1.0
7.7658548990005,8.81279510818462,1.0
1.6261569627010437,-7.456699068082353,1.0
-1.4904822922671552,4.119763013939586,1.0
-2.362070183480937,-7.602395111310809,1.0
5.034656663065944,-4.882195907156686,1.0
12.495907791295846,0.9246662177298323,1.0
1.905828390407827,-7.242083185918145,1.0
10.81436019217617,5.696606564694281,1.0
12.424239116202417,-3.5252011681658186,1.0
-7.901983217618714,-3.9370862075456268,1.0
12.038903029770111,-5.154075017744603,1.0
-3.911570659838377,-7.115999982642736,1.0
9.443701557649522,-9.456461290095506,1.0
-2.3079784201988782,3.3182901029464724,1.0
3.3969253451800716,10.918394779733338,1.0
-9.411418779692553,1.4805243855264707,1.0
-4.938581178148281,-6.786345603404052,1.0
-1.7446214960648554,10.702172308260549,1.0
4.759991156348554,10.464371669375533,1.0
0.6918782435894957,-0.5435012735823056,1.0
4.3061004141252965,3.84301305621432,1.0
5.6299886071446545,10.115764825519957,1.0
1.306173297530696,11.226921003596255,1.0
9.331806579526306,-9.663229041564351,1.0
9.222336425499474,7.6942324088880945,1.0
10.217942891138986,-8.48098100513229,1.0
4.711987289612094,10.60437740751326,1.0
3.111106969567635,-6.591750637146326,1.0
-1.2512115415449814,4.292665784647638,1.0
10.409892125859455,6.248029667937992,1.0
-0.5921573087391481,10.926081480938873,1.0
-2.7696608955621485,-0.3151249428154117,1.0
-2.398760918380611,-7.619066147974091,1.0
9.764987188461875,-8.940334995024562,1.0
-9.34741092950131,2.0139398549777305,1.0
-7.8405796121795746,-3.8769708210264335,1.0
-8.842587132757359,-1.9286740969036973,1.0
6.2338670443090844,0.3917813248049631,1.0
-3.312828069344581,-7.429970448083854,1.0
-3.2690894746342574,-7.448031632978662,1.0
-3.0425257214389143,0.08684012924661769,1.0
9.621772530690182,7.193634633286069,1.0
-7.049889784321042,-5.2059173708110675,1.0
12.148063620535174,2.8898390892734995,1.0
12.722874593376202,0.26935841563759294,1.0
6.458879877236471,0.13258178064447523,1.0
0.5759760016806932,11.171887608527815,1.0
-9.230363633152953,-0.544276545137716,1.0
12.520271046516088,-2.4843769074130355,1.0
6.427924611059118,-0.160873007392865,1.0
2.4386688127785447,11.121853349841313,1.0
-3.841194076525975,10.011311041375002,1.0
3.3364176656296687,-6.499586840102563,1.0
1.6266304752722271,4.798554096651183,1.0
-0.04836450103472732,11.157009296890685,1.0
7.6372877385560916,9.051243720518265,1.0
1.5820980788438155,-7.347432140903444,1.0
-0.6602820515934363,10.982334897999115,1.0
-5.337792614204486,-6.350261505300253,1.0
5.613813696989547,10.22736279367655,1.0
6.052915579461364,1.2711423679144018,1.0
12.525450136152365,-3.44582655450956,1.0
4.049046248943043,-6.022999852852055,1.0
-3.1138177016637503,-7.5883410841993415,1.0
-3.0867704176235886,0.6488060535170035,1.0
-0.6873610121418118,4.619117244259767,1.0
-9.113810327553367,3.5062779483470714,1.0
5.189710064943178,-4.792447317575377,1.0
12.484008696861002,1.5757284062160148,1.0
0.0055678235168462875,-1.4565769379626754,1.0
-4.159663729710921,-7.18091992342037,1.0
-0.39204822357306457,-7.7407644221390335,1.0
-0.4721313046484919,-1.7168255885473163,1.0
0.45027635957405243,4.809984854777007,1.0
-6.751438102311181,-5.429478861355594,1.0
-9.334811903464036,1.371818321097585,1.0
-6.081617391879803,-5.822872658087652,1.0
-8.57911805828161,4.784310178723326,1.0
-4.7996528243115995,9.320891882326247,1.0
0.3888414355472675,-1.256225108455317,1.0
-9.023159174031885,-1.287296438941612,1.0
9.467903208221044,-9.464508604261594,1.0
-9.059944785948359,3.8408819899603572,1.0
2.3427935010211525,11.060290200279926,1.0
1.9489497462576988,-7.261713352791238,1.0
10.04331917555593,6.687023599142299,1.0
10.015804783236,6.933438603850207,1.0
-8.86655219615804,3.91681120148925,1.0
8.57800094813793,-10.37636255144468,1.0
0.5609551887370399,4.9264790123827025,1.0
-0.16193544433521442,-1.6173409534398864,1.0
9.750038840314463,7.017759536842115,1.0
11.643696212357604,4.11349082639884,1.0
0.15279312756571384,4.876826457352644,1.0
5.324352051379766,-4.65263784797594,1.0
-0.3988919922771803,-1.590893276376576,1.0
3.4235376422752606,-6.405999565424066,1.0
9.926372504814603,6.804754113516638,1.0
-9.007382554067576,3.6604610173781396,1.0
-1.3130656733408164,-7.85375708248539,1.0
-3.5356643496009834,-7.336931870335577,1.0
0.5668977721906332,-0.13793326422096075,1.0
3.0667475332828307,-6.801390868865051,1.0
-0.5376862307274278,11.051254109486518,1.0
8.759936047931523,-10.074398934064211,1.0
12.658657891902852,0.5505285283902388,1.0
-0.989190756945491,-1.630237140382245,1.0
12.234916719647533,-4.213378777902163,1.0
10.586608397113542,5.982274999312517,1.0
10.492637285576041,6.226922095843064,1.0
-8.845285647703019,-1.8525157794051268,1.0
-5.639513502422016,-6.3301513999233965,1.0
2.7951417572452377,-7.008622379866264,1.0
-3.2075244900336677,1.3719368865620634,1.0
6.474386336724272,-1.2540795284218622,1.0
6.0983723953014675,-2.9565704590742414,1.0
-9.42330349106921,0.47809919581092686,1.0
8.367459460603124,8.440600134819915,1.0
-9.245772372207604,-0.4925852893486956,1.0
-3.173719866745907,0.5776566251896432,1.0
9.868836815525414,-8.961742745938926,1.0
10.514086998697683,-7.929900457907923,1.0
10.630604120102713,5.8416963996938955,1.0
7.470740969444171,-11.21476152453213,1.0
-8.019188640166167,5.910899497590904,1.0
9.529232324578084,-9.426579944337842,1.0
-3.019676484916309,2.2429346064300906,1.0
-2.905813741051903,-7.506353106725314,1.0
6.437991915310773,-1.1334503144952,1.0
5.97508934120321,1.5487082824828906,1.0
2.060934012855195,4.911998772488723,1.0
-2.6308123469005507,10.438351153370089,1.0
10.551061792724537,6.125247914417415,1.0
-6.157289237711918,8.323080941629712,1.0
2.5557226486487608,4.571487489263255,1.0
11.809303450062277,3.7679222565202464,1.0
-1.3123995008370821,10.911860295361853,1.0
-4.905388414299921,-6.796773278737799,1.0
2.03445758342108,11.081896627659672,1.0
5.562842340223495,-4.104360498176172,1.0
-1.0498209048575837,-7.813358037330706,1.0
11.637825875450442,-5.773355083414289,1.0
3.755023232515153,-6.2072263109725965,1.0
-9.093940588999866,-0.8545239281771647,1.0
12.442439817918826,-3.3650446573845407,1.0
5.124485645698061,10.369461195805876,1.0
-3.2064709468893136,1.049976723834357,1.0
2.5851395507841333,4.65023310192371,1.0
0.6072761639503195,-0.9286053651136708,1.0
-1.8767399226851835,10.785189157750198,1.0
-8.579717903480091,-2.782298488108498,1.0
1.4918443297333404,4.907232178156265,1.0
9.766518220226011,-8.959485188539688,1.0
-8.64523020669635,4.771828775988705,1.0
6.146653917159796,-2.6637094610749337,1.0
-9.26313565084125,2.1235101780382455,1.0
2.717454684164559,11.003277403580666,1.0
-2.935399572490404,2.1772170841769207,1.0
4.889357600518067,-5.289151928303225,1.0
11.57111194318941,4.092151362775754,1.0
-8.959449790783076,-1.6243894785784725,1.0
-7.953338289127907,6.076800489101915,1.0
-7.874460372436882,-3.8793008486762033,1.0
-2.653584669287532,-0.813427791661835,1.0
4.157602328273366,3.801924704817934,1.0
-8.547794487598372,-2.963881205596107,1.0
6.294726128216684,0.4000292044870971,1.0
-2.9962696962554465,-0.28458173081855515,1.0
12.626768568081516,0.8153448575016736,1.0
8.2265334073531,-10.605850919488502,1.0
10.968948050918742,5.247835394366091,1.0
12.688472334393017,-0.07541595616151764,1.0
6.2513559147231295,-2.6153907676678187,1.0
9.692772543086692,-9.175354758431908,1.0
5.980579483032267,1.6287190418960318,1.0
10.117806714222251,-8.581914257233779,1.0
7.360624831888753,-11.446083234954886,1.0
5.506367125247127,10.158483993367833,1.0
8.204012870894015,-10.523268666388239,1.0
-6.67442702607965,7.724431437476569,1.0
5.693230729572664,-4.150297558968774,1.0
-8.117857392807998,-3.65459456730904,1.0
-5.036014878147549,9.23153995481954,1.0
-3.130438704231516,1.9207216275458214,1.0
-2.689135028968277,10.546200877432424,1.0
8.272342196748037,-10.691554621307501,1.0
5.700064062538995,2.1483045316932405,1.0
10.947755295080544,5.258359391645831,1.0
12.109327716057479,-5.098629917797018,1.0
10.611193397735711,-7.910110789252904,1.0
9.665129274531198,-9.27758638633822,1.0
-8.866299249978436,4.045606586708921,1.0
8.467431241708029,-10.364739439278159,1.0
9.007038769497496,7.821584618254922,1.0
3.9026134618763106,4.153383867279438,1.0
-9.232919506743224,-0.17176371231744894,1.0
6.113830792940152,10.05323918906955,1.0
6.0378302458780855,-3.1364251182580327,1.0
-0.8940528345825883,11.012997974034288,1.0
1.3477950167324528,11.038515740240278,1.0
4.032122176254556,4.010787265731471,1.0
-6.870503558933052,7.557736363164016,1.0
9.851534723283049,7.016975902906165,1.0
-9.2966423815985,2.005688751953302,1.0
0.11745681892394232,-1.3297594352818283,1.0
0.4344563235800783,-1.067440438102376,1.0
-2.1477588653765753,-7.776862878212924,1.0
11.385732263965629,-6.624995555499966,1.0
6.530436145498163,-1.4063406263457672,1.0
-1.5156987424877129,10.791900317442467,1.0
6.455661975481673,-0.7669731198320383,1.0
1.1851692799400753,-7.544052136211267,1.0
12.72118729488955,0.40481659771303385,1.0
6.821480488453239,9.55137473498608,1.0
-1.8473553685518715,3.708144341118126,1.0
-7.75657207092858,-4.299024849891388,1.0
-1.4292669507486817,-1.5937590726049575,1.0
-9.38326469925986,0.3076880200544633,1.0
0.961761371832222,11.188435367149399,1.0
-0.033980909053022826,4.813883136655938,1.0
3.871631563550513,-6.25613192759925,1.0
-5.6671213920980446,-6.273782040850768,1.0
11.541599556706123,-6.102907231994394,1.0
7.436687128529867,-11.350099898544338,1.0
-2.610110111251196,-0.6494032459031029,1.0
9.232331308167613,7.571717417988422,1.0
-3.5377995939163065,-7.433012692848518,1.0
-5.237143374305852,-6.470051275175958,1.0
8.7151526719149,8.190849559452513,1.0
11.735475761956065,-5.955683983280216,1.0
10.241627498975776,-8.634403437396653,1.0
-6.170358568336584,8.246742510512068,1.0
-2.188859439548207,-7.736909437108941,1.0
10.847059694303569,5.823533321124389,1.0
5.970590465615201,-3.4620841200288646,1.0
-6.960651057148898,7.4849504167434295,1.0
-2.2673361517705732,-7.770927897563906,1.0
0.5525811774503134,11.220604472093656,1.0
6.289190899097175,-2.4713197070511934,1.0
5.730971875488427,2.0540592437975596,1.0
11.76979518577,-5.941614553997724,1.0
-1.4574410272626646,4.177187252283617,1.0
-9.240300732635085,2.5151969083443326,1.0
6.399893072317628,-0.7017821283237278,1.0
-2.2870013546539307,-0.9941155725429123,1.0
-2.0775478187503023,-1.1843334444251437,1.0
4.789150647934822,3.322406278953127,1.0
12.612469028437673,-1.2401930040835678,1.0
4.316332378745352,-5.733232403914906,1.0
10.254873128060945,-8.594023294372256,1.0
-5.871037872456711,8.557093797318544,1.0
-8.133526837005114,-3.682025701748273,1.0
-5.95009152260511,8.523539959656237,1.0
-9.139280085781904,3.526589864584089,1.0
9.09762702889275,7.740515459653984,1.0
4.2269546339354145,-5.7767039751868845,1.0
-1.8460382530162973,-7.703833741738049,1.0
12.31441657601224,-3.803237171545292,1.0
10.39450906983518,-8.277889462667412,1.0
12.315770068086044,-3.701092949717093,1.0
-7.157317171266187,-4.988732581044659,1.0
10.414815269726228,6.246855040136729,1.0
-9.29505301010453,-0.1447298160839425,1.0
-9.374668741106273,1.8181340792513734,1.0
6.27938800142642,0.9021440089781433,1.0
-5.25124857082275,9.109757381078667,1.0
5.488147433839689,2.505006363802941,1.0
0.13048756643018417,-7.797210942740509,1.0
12.59941229490777,-0.1806205197872059,1.0
6.285598182769035,0.7061919854251046,1.0
-3.0911556988489886,1.7447715347736594,1.0
-3.0681402937472213,1.5277050002699668,1.0
10.718634702397217,-7.687432415245444,1.0
-9.155039684233275,2.6338946996266177,1.0
-6.572815535795297,-5.568136452970982,1.0
11.703372339483451,3.71573132270664,1.0
12.364763056515843,1.6324942203892192,1.0
0.09718361992027605,-7.782867660800358,1.0
3.9140150165315606,10.69121790111217,1.0
9.915261909940794,6.988032872585746,1.0
0.22091845810270158,11.060928500643074,1.0
3.1297199519376226,4.487385019768423,1.0
12.715960360665058,-2.1943823430183365,1.0
-8.352010450958865,5.429382726240859,1.0
4.211328043346493,-5.83488520772918,1.0
-7.546051297618733,-4.602695282789994,1.0
-2.2867346945138456,-1.0894896237342768,1.0
0.7791344784762432,4.810390235708189,1.0
9.549137211278307,7.353640861413979,1.0
0.09555498440842014,0.022494006104121323,1.0
-6.9847526704997716,-5.173855312206122,1.0
-8.804282637431866,4.159768789012006,1.0
-3.04257145272839,0.1609971952045452,1.0
8.92395142938029,-10.007537723359416,1.0
6.385103777118514,-1.1841441881722836,1.0
2.619474107841603,-6.916375938506934,1.0
2.6752421589146276,-6.944303417229091,1.0
6.344415295408775,-1.449725708453864,1.0
0.45370140895060074,-0.15007793706753886,1.0
6.989645229460001,9.496812514646765,1.0
9.26429065375375,-9.744546902274873,1.0
6.442825455189392,-1.0203417541596496,1.0
1.0903048871943095,11.224005265806753,1.0
7.9049194335127675,8.801358589139602,1.0
12.539719374251298,0.41183421964500183,1.0
-7.361818702455205,-4.6581387563178955,1.0
2.6832646454004645,-6.941575779542603,1.0
0.7139127095346623,-7.542940408362536,1.0
5.666433367323495,10.251691954516813,1.0
12.000215428211856,3.318009730644541,1.0
5.28741065551498,2.8634660007459605,1.0
-3.448657366547436,-7.501001934456117,1.0
12.167266885607386,-4.533424855801475,1.0
11.577905138839958,4.161298818825943,1.0
7.946646805162065,-10.894517763116676,1.0
8.740141967121959,8.14995572945579,1.0
-5.224350448722285,-6.440710542303202,1.0
-5.18194806587584,9.095142942630924,1.0
0.9126241280507926,11.107451672921261,1.0
-2.890111208021574,2.5648953258242946,1.0
-7.987328833383878,5.931284664933754,1.0
5.206447716849737,10.320434373234596,1.0
4.262534538575628,3.719385729432594,1.0
10.396890581855757,6.348671867925754,1.0
-5.66607204479677,8.732839319167383,1.0
10.203257217523381,-8.587097659650983,1.0
-2.597485316318339,-0.7665036075924981,1.0
5.404290751363011,-4.603435014731053,1.0
-4.3016305982715615,9.65359237733441,1.0
3.205338510722038,-6.536500542856336,1.0
5.708267106157465,10.108825285388265,1.0
9.10634092292814,7.854627516532666,1.0
-1.3136351561155788,4.277364828080319,1.0
-9.183488093303136,3.323080210980569,1.0
-9.155292637377045,2.894369802336606,1.0
-3.2972189120348765,-7.396866569124669,1.0
11.125336519806106,-7.066753672045799,1.0
12.262327193073062,2.3261235375325886,1.0
4.243473692172642,10.601500796423617,1.0
5.786654809356468,10.120281748692419,1.0
-8.949225488890178,-1.4703448467731188,1.0
11.648915688166731,-6.154696127464324,1.0
3.905585462750211,10.806632576264942,1.0
6.965011504556927,9.478788166149519,1.0
12.633502100128556,-0.7662319573988031,1.0
4.820104429064152,-5.287645289524484,1.0
11.654524431777341,4.186118790603998,1.0
5.881290065607929,1.701364838587107,1.0
-1.061065795910402,-7.874031630043152,1.0
-0.05788220634622937,-7.824021232989865,1.0
8.395572695099608,-10.400970088742655,1.0
12.727538336672339,-0.3178063198463982,1.0
4.5589272868420005,10.52554006750314,1.0
6.699165214820807,9.69196861478338,1.0
-7.2131277836148024,7.331926662642029,1.0
10.473524391263927,-8.161400572784487,1.0
-9.28338436245781,1.664285137532514,1.0
-4.162762809952763,-7.0917200731584815,1.0
4.081461527190729,4.0701337118321765,1.0
10.661051088458523,5.843955144321813,1.0
7.3270901391429915,9.277339180520674,1.0
-4.533265141494284,-6.981657613863151,1.0
-1.1054416393663271,-1.7061452279864797,1.0
12.494920712789842,1.2295914645760886,1.0
0.24009856008296954,-1.4036851946686653,1.0
4.82136253243137,10.406995929695658,1.0
9.033360879496657,-10.00623542423258,1.0
-8.196333728675905,-3.465303577284891,1.0
6.3669321692331255,-2.0014389118985587,1.0
4.915942575773722,10.502946460974977,1.0
12.00529596376159,3.3358131844452235,1.0
-8.03870933052718,6.107740318823462,1.0
9.27241610698575,-9.765963947778381,1.0
-3.08599145843399,-0.00015210720734437633,1.0
-9.306546402648486,2.4897839922966143,1.0
6.123428996554368,10.022525807272359,1.0
12.718700424258614,-0.8274965066669734,1.0
5.055900843223633,3.05595763419548,1.0
11.401033988203693,4.744012288890821,1.0
-7.652592881712071,6.558391505508636,1.0
-5.485942654279567,-6.3220360130487165,1.0
1.2653129798907774,4.826175362737699,1.0
12.725830641255856,-1.0487717619617802,1.0
3.51933237232508,4.199916745031057,1.0
2.0977521682788933,-7.222999709442631,1.0
3.709713342674164,-6.191140878863288,1.0
12.664412817769373,-1.6769731098542122,1.0
2.00962062855657,11.083286962505452,1.0
11.220875888176552,4.997282947803537,1.0
5.936190237196934,-3.2731630524045574,1.0
-2.4959186827003674,10.53563553377365,1.0
-6.546534285771913,8.034898539970742,1.0
12.354542180993844,1.7843625251126052,1.0
12.12157314420022,-4.797634002803958,1.0
0.10946650412213112,-1.3278374171408842,1.0
2.12879057581174,11.030369090164626,1.0
-2.9084212590311607,-0.0444623670726912,1.0
-7.927516073930012,6.223397001422613,1.0
3.928172009104788,-6.072245720301266,1.0
2.3455999745610674,-7.0649786681490685,1.0
-1.7492672514417682,-7.740599633210816,1.0
-2.701068131462066,10.395018246789041,1.0
-0.0307238410789957,-7.825092438613072,1.0
7.224422484947868,9.232943763086187,1.0
-6.059544822416627,-5.939533625245538,1.0
-3.2140747718927587,1.5554401232491721,1.0
10.497835790356381,6.099806724492674,1.0
4.140140282520161,-5.967096277660184,1.0
-7.8728740933385115,-3.9615574204554287,1.0
3.2420486487803952,11.0370614832409,1.0
0.15496923357471384,-7.705519112089278,1.0
-3.061177850000794,0.4989122572173156,1.0
-3.6885326123310875,-7.314179131197599,1.0
10.57177220562549,-8.098066783845494,1.0
-0.7972743480715966,10.872055888110346,1.0
1.8906497816900447,11.158379239447578,1.0
-1.8014923624286323,10.692128923221134,1.0
5.992687347400292,1.3287024214350198,1.0
-7.128101982360313,-5.007378770306717,1.0
8.524446211460107,8.319234991540778,1.0
-1.5381936820409672,4.148644401941848,1.0
4.612227402694554,-5.555437158757621,1.0
4.715997686855998,-5.407184214397788,1.0
-7.864533443096671,-3.983371080672937,1.0
8.364937512428655,-10.47200290444063,1.0
-3.247779942878591,1.5078330411294616,1.0
-9.088236184349775,3.8197619861483103,1.0
5.044565963602238,3.005408433231452,1.0
8.994719368118023,-9.923718978914103,1.0
-0.5511564077886615,4.5821552464517215,1.0
-6.115259174991163,-5.92525334144224,1.0
7.600285878138315,9.080004130038805,1.0
4.939912109362462,10.500747088325287,1.0
-7.431998928474986,-4.704974340511627,1.0
-1.1454665320476691,-7.805941200973072,1.0
